month_str,n_events,energy_lost_mwh,revenue_loss_tl,total_loss_tl,total_loss_usd,yekdem_loss_usd,ptf_avg,revenue_loss_tl_million,total_loss_tl_million
2024-10,8,494.91,1385748.0,1593610.2,49034.16,36128.43,2800.0,1.385748,1.5936101999999999
2024-11,9,470.25,1246162.5,1433086.875,44094.980769230766,34328.25,2650.0,1.2461625,1.433086875
2024-12,15,969.89,2812681.0,3234583.15,99525.63538461538,70801.97,2900.0,2.812681,3.2345831499999997
2025-01,7,433.04999999999995,1342455.0,1543823.25,42883.979166666664,31612.65,3100.0,1.342455,1.54382325
2025-02,1,46.9,138355.0,159108.25,4419.673611111111,3423.7,2950.0,0.138355,0.15910825
2025-03,27,1907.3700000000001,5245267.5,6032057.625,167557.15625,139238.01,2750.0,5.2452675,6.032057625
2025-04,11,609.61,1584986.0,1822733.9,50631.49722222222,44501.53,2600.0,1.584986,1.8227338999999998
