region,n_plants,total_events,total_loss_mw,avg_vulnerability
Thrace,4,27,1561.3600000000001,0.38688559551961577
Other,13,15,831.45,0.08746948731741068
S. Marmara,6,12,809.99,0.1854901655777442
Istanbul,2,9,609.03,0.37561498847677255
Aegean,3,8,583.71,0.2268548905807196
Central Anatolia,2,6,462.58000000000004,0.21375807994066204
Black Sea,1,1,73.86,0.17370499443573476
